[
{
  "model": "like_and_rating.productlike",
  "pk": 4,
  "fields": {
    "user": 1,
    "product": 2,
    "created_at": "2026-02-27T08:10:16.203Z"
  }
},
{
  "model": "like_and_rating.productlike",
  "pk": 5,
  "fields": {
    "user": 1,
    "product": 1,
    "created_at": "2026-02-27T08:10:24.684Z"
  }
},
{
  "model": "like_and_rating.productlike",
  "pk": 6,
  "fields": {
    "user": 4,
    "product": 2,
    "created_at": "2026-02-27T08:16:45.746Z"
  }
},
{
  "model": "like_and_rating.productlike",
  "pk": 7,
  "fields": {
    "user": 2,
    "product": 2,
    "created_at": "2026-02-28T12:33:30.305Z"
  }
},
{
  "model": "like_and_rating.productreview",
  "pk": 1,
  "fields": {
    "user": 1,
    "product": 1,
    "rating": 5,
    "comment": "comment for comment",
    "created_at": "2026-02-27T08:08:02.779Z",
    "updated_at": "2026-02-27T08:08:02.779Z",
    "is_active": true
  }
},
{
  "model": "like_and_rating.productreview",
  "pk": 2,
  "fields": {
    "user": 1,
    "product": 2,
    "rating": 5,
    "comment": "comment for comment",
    "created_at": "2026-02-27T08:08:21.631Z",
    "updated_at": "2026-02-27T08:08:21.632Z",
    "is_active": true
  }
},
{
  "model": "like_and_rating.productreview",
  "pk": 3,
  "fields": {
    "user": 1,
    "product": 3,
    "rating": 4,
    "comment": "comment for comment",
    "created_at": "2026-02-27T08:08:35.155Z",
    "updated_at": "2026-02-27T08:08:35.155Z",
    "is_active": true
  }
},
{
  "model": "like_and_rating.productreview",
  "pk": 4,
  "fields": {
    "user": 1,
    "product": 4,
    "rating": 4,
    "comment": "comment for comment",
    "created_at": "2026-02-27T08:08:48.137Z",
    "updated_at": "2026-02-27T08:08:48.137Z",
    "is_active": true
  }
},
{
  "model": "like_and_rating.productreview",
  "pk": 5,
  "fields": {
    "user": 1,
    "product": 5,
    "rating": 5,
    "comment": "comment for comment",
    "created_at": "2026-02-27T08:09:08.830Z",
    "updated_at": "2026-02-27T08:09:08.830Z",
    "is_active": true
  }
},
{
  "model": "like_and_rating.productreview",
  "pk": 6,
  "fields": {
    "user": 1,
    "product": 6,
    "rating": 1,
    "comment": "comment for comment",
    "created_at": "2026-02-27T08:09:19.601Z",
    "updated_at": "2026-02-27T08:09:19.601Z",
    "is_active": true
  }
},
{
  "model": "like_and_rating.productreview",
  "pk": 7,
  "fields": {
    "user": 1,
    "product": 7,
    "rating": 3,
    "comment": "comment for comment",
    "created_at": "2026-02-27T08:09:35.891Z",
    "updated_at": "2026-02-27T08:09:35.891Z",
    "is_active": true
  }
},
{
  "model": "like_and_rating.productreview",
  "pk": 8,
  "fields": {
    "user": 1,
    "product": 8,
    "rating": 4,
    "comment": "comment for comment",
    "created_at": "2026-02-27T08:09:52.896Z",
    "updated_at": "2026-02-27T08:09:52.896Z",
    "is_active": true
  }
},
{
  "model": "like_and_rating.productreview",
  "pk": 9,
  "fields": {
    "user": 4,
    "product": 1,
    "rating": 4,
    "comment": "life is to short to work too hard",
    "created_at": "2026-02-27T08:13:32.109Z",
    "updated_at": "2026-02-27T08:13:48.875Z",
    "is_active": true
  }
},
{
  "model": "like_and_rating.productreview",
  "pk": 10,
  "fields": {
    "user": 4,
    "product": 2,
    "rating": 2,
    "comment": "honor in the end",
    "created_at": "2026-02-27T08:14:25.218Z",
    "updated_at": "2026-02-27T08:14:25.218Z",
    "is_active": true
  }
},
{
  "model": "like_and_rating.productreview",
  "pk": 11,
  "fields": {
    "user": 4,
    "product": 3,
    "rating": 5,
    "comment": "Have you ever been three",
    "created_at": "2026-02-27T08:15:06.809Z",
    "updated_at": "2026-02-27T08:15:06.809Z",
    "is_active": true
  }
},
{
  "model": "like_and_rating.productreview",
  "pk": 12,
  "fields": {
    "user": 4,
    "product": 6,
    "rating": 2,
    "comment": "i like  browns",
    "created_at": "2026-02-27T08:16:31.104Z",
    "updated_at": "2026-02-27T08:16:31.104Z",
    "is_active": true
  }
},
{
  "model": "like_and_rating.productreview",
  "pk": 13,
  "fields": {
    "user": 2,
    "product": 1,
    "rating": 4,
    "comment": "its bomb",
    "created_at": "2026-02-28T12:44:41.093Z",
    "updated_at": "2026-02-28T12:44:41.093Z",
    "is_active": true
  }
},
{
  "model": "like_and_rating.productreview",
  "pk": 14,
  "fields": {
    "user": 3,
    "product": 1,
    "rating": 3,
    "comment": "fuck you",
    "created_at": "2026-02-28T12:55:13.578Z",
    "updated_at": "2026-02-28T12:55:13.578Z",
    "is_active": true
  }
},
{
  "model": "like_and_rating.productreview",
  "pk": 15,
  "fields": {
    "user": 5,
    "product": 1,
    "rating": 1,
    "comment": "Im snob",
    "created_at": "2026-02-28T12:57:42.124Z",
    "updated_at": "2026-02-28T12:57:42.124Z",
    "is_active": true
  }
},
{
  "model": "like_and_rating.productreview",
  "pk": 16,
  "fields": {
    "user": 6,
    "product": 1,
    "rating": 2,
    "comment": "fdewf",
    "created_at": "2026-02-28T13:11:41.934Z",
    "updated_at": "2026-02-28T13:11:41.934Z",
    "is_active": true
  }
},
{
  "model": "like_and_rating.productreview",
  "pk": 17,
  "fields": {
    "user": 7,
    "product": 1,
    "rating": 2,
    "comment": "tuj7",
    "created_at": "2026-02-28T13:13:09.996Z",
    "updated_at": "2026-02-28T13:14:07.294Z",
    "is_active": true
  }
},
{
  "model": "admin.logentry",
  "pk": 1,
  "fields": {
    "action_time": "2026-02-20T23:11:14.979Z",
    "user": 1,
    "content_type": 11,
    "object_id": "9",
    "object_repr": "Белый шоколад",
    "action_flag": 2,
    "change_message": "[{\"changed\": {\"fields\": [\"Image\"]}}]"
  }
},
{
  "model": "admin.logentry",
  "pk": 2,
  "fields": {
    "action_time": "2026-02-20T23:11:30.579Z",
    "user": 1,
    "content_type": 11,
    "object_id": "1",
    "object_repr": "Зеленый чай Сенча",
    "action_flag": 2,
    "change_message": "[{\"changed\": {\"fields\": [\"Image\"]}}]"
  }
},
{
  "model": "admin.logentry",
  "pk": 3,
  "fields": {
    "action_time": "2026-02-20T23:12:17.389Z",
    "user": 1,
    "content_type": 11,
    "object_id": "2",
    "object_repr": "Черный чай Эрл Грей",
    "action_flag": 2,
    "change_message": "[{\"changed\": {\"fields\": [\"Image\"]}}]"
  }
},
{
  "model": "admin.logentry",
  "pk": 4,
  "fields": {
    "action_time": "2026-02-20T23:12:36.025Z",
    "user": 1,
    "content_type": 11,
    "object_id": "5",
    "object_repr": "Мятный чай",
    "action_flag": 2,
    "change_message": "[{\"changed\": {\"fields\": [\"Image\"]}}]"
  }
},
{
  "model": "admin.logentry",
  "pk": 5,
  "fields": {
    "action_time": "2026-02-20T23:12:56.058Z",
    "user": 1,
    "content_type": 11,
    "object_id": "1",
    "object_repr": "Зеленый чай Сенча",
    "action_flag": 2,
    "change_message": "[{\"changed\": {\"fields\": [\"Image\"]}}]"
  }
},
{
  "model": "admin.logentry",
  "pk": 6,
  "fields": {
    "action_time": "2026-02-20T23:13:17.947Z",
    "user": 1,
    "content_type": 11,
    "object_id": "3",
    "object_repr": "Улун молочный",
    "action_flag": 2,
    "change_message": "[]"
  }
},
{
  "model": "admin.logentry",
  "pk": 7,
  "fields": {
    "action_time": "2026-02-20T23:13:40.148Z",
    "user": 1,
    "content_type": 11,
    "object_id": "3",
    "object_repr": "Улун молочный",
    "action_flag": 2,
    "change_message": "[{\"changed\": {\"fields\": [\"Image\"]}}]"
  }
},
{
  "model": "admin.logentry",
  "pk": 8,
  "fields": {
    "action_time": "2026-02-20T23:14:29.374Z",
    "user": 1,
    "content_type": 11,
    "object_id": "4",
    "object_repr": "Пуэр Шу",
    "action_flag": 2,
    "change_message": "[{\"changed\": {\"fields\": [\"Image\"]}}]"
  }
},
{
  "model": "admin.logentry",
  "pk": 9,
  "fields": {
    "action_time": "2026-02-20T23:15:02.681Z",
    "user": 1,
    "content_type": 11,
    "object_id": "9",
    "object_repr": "Белый шоколад",
    "action_flag": 2,
    "change_message": "[{\"changed\": {\"fields\": [\"Image\"]}}]"
  }
},
{
  "model": "admin.logentry",
  "pk": 10,
  "fields": {
    "action_time": "2026-02-20T23:15:12.549Z",
    "user": 1,
    "content_type": 11,
    "object_id": "7",
    "object_repr": "Молочный шоколад",
    "action_flag": 2,
    "change_message": "[{\"changed\": {\"fields\": [\"Image\"]}}]"
  }
},
{
  "model": "admin.logentry",
  "pk": 11,
  "fields": {
    "action_time": "2026-02-25T11:39:14.955Z",
    "user": 1,
    "content_type": 11,
    "object_id": "10",
    "object_repr": "Шоколад с мятой",
    "action_flag": 2,
    "change_message": "[{\"changed\": {\"fields\": [\"Image\"]}}]"
  }
},
{
  "model": "admin.logentry",
  "pk": 12,
  "fields": {
    "action_time": "2026-02-25T11:39:47.725Z",
    "user": 1,
    "content_type": 11,
    "object_id": "8",
    "object_repr": "Шоколад с орехами",
    "action_flag": 2,
    "change_message": "[{\"changed\": {\"fields\": [\"Image\"]}}]"
  }
},
{
  "model": "admin.logentry",
  "pk": 13,
  "fields": {
    "action_time": "2026-02-25T11:41:26.348Z",
    "user": 1,
    "content_type": 11,
    "object_id": "6",
    "object_repr": "Темный шоколад 70%",
    "action_flag": 2,
    "change_message": "[{\"changed\": {\"fields\": [\"Image\"]}}]"
  }
},
{
  "model": "admin.logentry",
  "pk": 14,
  "fields": {
    "action_time": "2026-02-27T08:17:27.992Z",
    "user": 1,
    "content_type": 12,
    "object_id": "7",
    "object_repr": "Order 7",
    "action_flag": 2,
    "change_message": "[{\"changed\": {\"fields\": [\"Paid\"]}}]"
  }
},
{
  "model": "admin.logentry",
  "pk": 15,
  "fields": {
    "action_time": "2026-02-27T08:17:35.813Z",
    "user": 1,
    "content_type": 12,
    "object_id": "5",
    "object_repr": "Order 5",
    "action_flag": 2,
    "change_message": "[{\"changed\": {\"fields\": [\"Paid\"]}}]"
  }
},
{
  "model": "admin.logentry",
  "pk": 16,
  "fields": {
    "action_time": "2026-02-27T08:17:47.326Z",
    "user": 1,
    "content_type": 12,
    "object_id": "4",
    "object_repr": "Order 4",
    "action_flag": 2,
    "change_message": "[{\"changed\": {\"fields\": [\"Paid\"]}}]"
  }
},
{
  "model": "admin.logentry",
  "pk": 17,
  "fields": {
    "action_time": "2026-02-27T08:18:01.829Z",
    "user": 1,
    "content_type": 12,
    "object_id": "2",
    "object_repr": "Order 2",
    "action_flag": 2,
    "change_message": "[{\"changed\": {\"fields\": [\"Paid\"]}}]"
  }
},
{
  "model": "auth.permission",
  "pk": 1,
  "fields": {
    "name": "Can add product like",
    "content_type": 1,
    "codename": "add_productlike"
  }
},
{
  "model": "auth.permission",
  "pk": 2,
  "fields": {
    "name": "Can change product like",
    "content_type": 1,
    "codename": "change_productlike"
  }
},
{
  "model": "auth.permission",
  "pk": 3,
  "fields": {
    "name": "Can delete product like",
    "content_type": 1,
    "codename": "delete_productlike"
  }
},
{
  "model": "auth.permission",
  "pk": 4,
  "fields": {
    "name": "Can view product like",
    "content_type": 1,
    "codename": "view_productlike"
  }
},
{
  "model": "auth.permission",
  "pk": 5,
  "fields": {
    "name": "Can add product review",
    "content_type": 2,
    "codename": "add_productreview"
  }
},
{
  "model": "auth.permission",
  "pk": 6,
  "fields": {
    "name": "Can change product review",
    "content_type": 2,
    "codename": "change_productreview"
  }
},
{
  "model": "auth.permission",
  "pk": 7,
  "fields": {
    "name": "Can delete product review",
    "content_type": 2,
    "codename": "delete_productreview"
  }
},
{
  "model": "auth.permission",
  "pk": 8,
  "fields": {
    "name": "Can view product review",
    "content_type": 2,
    "codename": "view_productreview"
  }
},
{
  "model": "auth.permission",
  "pk": 9,
  "fields": {
    "name": "Can add user profile",
    "content_type": 3,
    "codename": "add_userprofile"
  }
},
{
  "model": "auth.permission",
  "pk": 10,
  "fields": {
    "name": "Can change user profile",
    "content_type": 3,
    "codename": "change_userprofile"
  }
},
{
  "model": "auth.permission",
  "pk": 11,
  "fields": {
    "name": "Can delete user profile",
    "content_type": 3,
    "codename": "delete_userprofile"
  }
},
{
  "model": "auth.permission",
  "pk": 12,
  "fields": {
    "name": "Can view user profile",
    "content_type": 3,
    "codename": "view_userprofile"
  }
},
{
  "model": "auth.permission",
  "pk": 13,
  "fields": {
    "name": "Can add log entry",
    "content_type": 4,
    "codename": "add_logentry"
  }
},
{
  "model": "auth.permission",
  "pk": 14,
  "fields": {
    "name": "Can change log entry",
    "content_type": 4,
    "codename": "change_logentry"
  }
},
{
  "model": "auth.permission",
  "pk": 15,
  "fields": {
    "name": "Can delete log entry",
    "content_type": 4,
    "codename": "delete_logentry"
  }
},
{
  "model": "auth.permission",
  "pk": 16,
  "fields": {
    "name": "Can view log entry",
    "content_type": 4,
    "codename": "view_logentry"
  }
},
{
  "model": "auth.permission",
  "pk": 17,
  "fields": {
    "name": "Can add permission",
    "content_type": 6,
    "codename": "add_permission"
  }
},
{
  "model": "auth.permission",
  "pk": 18,
  "fields": {
    "name": "Can change permission",
    "content_type": 6,
    "codename": "change_permission"
  }
},
{
  "model": "auth.permission",
  "pk": 19,
  "fields": {
    "name": "Can delete permission",
    "content_type": 6,
    "codename": "delete_permission"
  }
},
{
  "model": "auth.permission",
  "pk": 20,
  "fields": {
    "name": "Can view permission",
    "content_type": 6,
    "codename": "view_permission"
  }
},
{
  "model": "auth.permission",
  "pk": 21,
  "fields": {
    "name": "Can add group",
    "content_type": 5,
    "codename": "add_group"
  }
},
{
  "model": "auth.permission",
  "pk": 22,
  "fields": {
    "name": "Can change group",
    "content_type": 5,
    "codename": "change_group"
  }
},
{
  "model": "auth.permission",
  "pk": 23,
  "fields": {
    "name": "Can delete group",
    "content_type": 5,
    "codename": "delete_group"
  }
},
{
  "model": "auth.permission",
  "pk": 24,
  "fields": {
    "name": "Can view group",
    "content_type": 5,
    "codename": "view_group"
  }
},
{
  "model": "auth.permission",
  "pk": 25,
  "fields": {
    "name": "Can add user",
    "content_type": 7,
    "codename": "add_user"
  }
},
{
  "model": "auth.permission",
  "pk": 26,
  "fields": {
    "name": "Can change user",
    "content_type": 7,
    "codename": "change_user"
  }
},
{
  "model": "auth.permission",
  "pk": 27,
  "fields": {
    "name": "Can delete user",
    "content_type": 7,
    "codename": "delete_user"
  }
},
{
  "model": "auth.permission",
  "pk": 28,
  "fields": {
    "name": "Can view user",
    "content_type": 7,
    "codename": "view_user"
  }
},
{
  "model": "auth.permission",
  "pk": 29,
  "fields": {
    "name": "Can add content type",
    "content_type": 8,
    "codename": "add_contenttype"
  }
},
{
  "model": "auth.permission",
  "pk": 30,
  "fields": {
    "name": "Can change content type",
    "content_type": 8,
    "codename": "change_contenttype"
  }
},
{
  "model": "auth.permission",
  "pk": 31,
  "fields": {
    "name": "Can delete content type",
    "content_type": 8,
    "codename": "delete_contenttype"
  }
},
{
  "model": "auth.permission",
  "pk": 32,
  "fields": {
    "name": "Can view content type",
    "content_type": 8,
    "codename": "view_contenttype"
  }
},
{
  "model": "auth.permission",
  "pk": 33,
  "fields": {
    "name": "Can add session",
    "content_type": 9,
    "codename": "add_session"
  }
},
{
  "model": "auth.permission",
  "pk": 34,
  "fields": {
    "name": "Can change session",
    "content_type": 9,
    "codename": "change_session"
  }
},
{
  "model": "auth.permission",
  "pk": 35,
  "fields": {
    "name": "Can delete session",
    "content_type": 9,
    "codename": "delete_session"
  }
},
{
  "model": "auth.permission",
  "pk": 36,
  "fields": {
    "name": "Can view session",
    "content_type": 9,
    "codename": "view_session"
  }
},
{
  "model": "auth.permission",
  "pk": 37,
  "fields": {
    "name": "Can add category",
    "content_type": 10,
    "codename": "add_category"
  }
},
{
  "model": "auth.permission",
  "pk": 38,
  "fields": {
    "name": "Can change category",
    "content_type": 10,
    "codename": "change_category"
  }
},
{
  "model": "auth.permission",
  "pk": 39,
  "fields": {
    "name": "Can delete category",
    "content_type": 10,
    "codename": "delete_category"
  }
},
{
  "model": "auth.permission",
  "pk": 40,
  "fields": {
    "name": "Can view category",
    "content_type": 10,
    "codename": "view_category"
  }
},
{
  "model": "auth.permission",
  "pk": 41,
  "fields": {
    "name": "Can add product",
    "content_type": 11,
    "codename": "add_product"
  }
},
{
  "model": "auth.permission",
  "pk": 42,
  "fields": {
    "name": "Can change product",
    "content_type": 11,
    "codename": "change_product"
  }
},
{
  "model": "auth.permission",
  "pk": 43,
  "fields": {
    "name": "Can delete product",
    "content_type": 11,
    "codename": "delete_product"
  }
},
{
  "model": "auth.permission",
  "pk": 44,
  "fields": {
    "name": "Can view product",
    "content_type": 11,
    "codename": "view_product"
  }
},
{
  "model": "auth.permission",
  "pk": 45,
  "fields": {
    "name": "Can add order",
    "content_type": 12,
    "codename": "add_order"
  }
},
{
  "model": "auth.permission",
  "pk": 46,
  "fields": {
    "name": "Can change order",
    "content_type": 12,
    "codename": "change_order"
  }
},
{
  "model": "auth.permission",
  "pk": 47,
  "fields": {
    "name": "Can delete order",
    "content_type": 12,
    "codename": "delete_order"
  }
},
{
  "model": "auth.permission",
  "pk": 48,
  "fields": {
    "name": "Can view order",
    "content_type": 12,
    "codename": "view_order"
  }
},
{
  "model": "auth.permission",
  "pk": 49,
  "fields": {
    "name": "Can add order item",
    "content_type": 13,
    "codename": "add_orderitem"
  }
},
{
  "model": "auth.permission",
  "pk": 50,
  "fields": {
    "name": "Can change order item",
    "content_type": 13,
    "codename": "change_orderitem"
  }
},
{
  "model": "auth.permission",
  "pk": 51,
  "fields": {
    "name": "Can delete order item",
    "content_type": 13,
    "codename": "delete_orderitem"
  }
},
{
  "model": "auth.permission",
  "pk": 52,
  "fields": {
    "name": "Can view order item",
    "content_type": 13,
    "codename": "view_orderitem"
  }
},
{
  "model": "auth.permission",
  "pk": 53,
  "fields": {
    "name": "Can add coupon",
    "content_type": 14,
    "codename": "add_coupon"
  }
},
{
  "model": "auth.permission",
  "pk": 54,
  "fields": {
    "name": "Can change coupon",
    "content_type": 14,
    "codename": "change_coupon"
  }
},
{
  "model": "auth.permission",
  "pk": 55,
  "fields": {
    "name": "Can delete coupon",
    "content_type": 14,
    "codename": "delete_coupon"
  }
},
{
  "model": "auth.permission",
  "pk": 56,
  "fields": {
    "name": "Can view coupon",
    "content_type": 14,
    "codename": "view_coupon"
  }
},
{
  "model": "auth.user",
  "pk": 1,
  "fields": {
    "password": "pbkdf2_sha256$1200000$sv8eRtAjxqsgeDXnOgJsGx$jinA6P2YOdDBzm48aWZhJe9yR1iYgZSgdqgx+bGyER0=",
    "last_login": "2026-02-27T07:52:42.451Z",
    "is_superuser": true,
    "username": "alpha",
    "first_name": "",
    "last_name": "",
    "email": "",
    "is_staff": true,
    "is_active": true,
    "date_joined": "2026-02-20T22:59:54.997Z",
    "groups": [],
    "user_permissions": []
  }
},
{
  "model": "auth.user",
  "pk": 2,
  "fields": {
    "password": "pbkdf2_sha256$1200000$eEY5YQteU2dnxWhbZEirzR$hSLivzjCrO294WdiwyoPGiMcQqKvgNEnocYTXYJqMiQ=",
    "last_login": "2026-02-27T08:10:58.630Z",
    "is_superuser": false,
    "username": "alpha1",
    "first_name": "",
    "last_name": "",
    "email": "alpha1@example.com",
    "is_staff": false,
    "is_active": true,
    "date_joined": "2026-02-20T23:04:06.283Z",
    "groups": [],
    "user_permissions": []
  }
},
{
  "model": "auth.user",
  "pk": 3,
  "fields": {
    "password": "pbkdf2_sha256$1200000$NbViwmx8BMmNU5cCfyrX0f$9ADY0LRKegvnPBb8fP+Wbn+L5RS0j/hoHhFULg8D3Xw=",
    "last_login": null,
    "is_superuser": false,
    "username": "alpha2",
    "first_name": "",
    "last_name": "",
    "email": "alpha2@example.com",
    "is_staff": false,
    "is_active": true,
    "date_joined": "2026-02-20T23:04:06.693Z",
    "groups": [],
    "user_permissions": []
  }
},
{
  "model": "auth.user",
  "pk": 4,
  "fields": {
    "password": "pbkdf2_sha256$1200000$hsvHvBmcpkj1F0nnkJh6p4$XOXiNaTQiIdjhb68AI6QM60eN7qlM6BMHbcuoV7cGtE=",
    "last_login": "2026-02-27T08:11:22.394Z",
    "is_superuser": false,
    "username": "alpha3",
    "first_name": "",
    "last_name": "",
    "email": "alpha3@example.com",
    "is_staff": false,
    "is_active": true,
    "date_joined": "2026-02-20T23:04:07.176Z",
    "groups": [],
    "user_permissions": []
  }
},
{
  "model": "auth.user",
  "pk": 5,
  "fields": {
    "password": "pbkdf2_sha256$1200000$SYbzc7G7cDBJ1PIzEDKwBA$+8QNBYtVnbTHEun2ch9mllUDoXdbTa9gj2MI6IDS8hU=",
    "last_login": null,
    "is_superuser": false,
    "username": "alpha4",
    "first_name": "",
    "last_name": "",
    "email": "alpha4@example.com",
    "is_staff": false,
    "is_active": true,
    "date_joined": "2026-02-20T23:04:07.665Z",
    "groups": [],
    "user_permissions": []
  }
},
{
  "model": "auth.user",
  "pk": 6,
  "fields": {
    "password": "pbkdf2_sha256$1200000$ekWQyXXhTAwnWXvN9AsiV6$Ta+W7hMW6wdCJBKvV+gv6tOl3B6DuoZ0BXbI0bsd0XQ=",
    "last_login": null,
    "is_superuser": false,
    "username": "alpha5",
    "first_name": "",
    "last_name": "",
    "email": "alpha5@example.com",
    "is_staff": false,
    "is_active": true,
    "date_joined": "2026-02-20T23:04:08.137Z",
    "groups": [],
    "user_permissions": []
  }
},
{
  "model": "auth.user",
  "pk": 7,
  "fields": {
    "password": "pbkdf2_sha256$1200000$lLdEfY7DlyBPqPB0iNS6RC$+sQfCX2c+CdXHQWyYvTWaBnFYxfjaT9o0BVUpZOmUtk=",
    "last_login": null,
    "is_superuser": false,
    "username": "alpha6",
    "first_name": "",
    "last_name": "",
    "email": "alpha6@example.com",
    "is_staff": false,
    "is_active": true,
    "date_joined": "2026-02-20T23:04:08.584Z",
    "groups": [],
    "user_permissions": []
  }
},
{
  "model": "auth.user",
  "pk": 8,
  "fields": {
    "password": "pbkdf2_sha256$1200000$VehgpIdnHbDvnv38k7iTXD$sISHsjkckcp7BwBhTrRxFP7D35WQwegrbuL4Hlolav0=",
    "last_login": null,
    "is_superuser": false,
    "username": "alpha7",
    "first_name": "",
    "last_name": "",
    "email": "alpha7@example.com",
    "is_staff": false,
    "is_active": true,
    "date_joined": "2026-02-20T23:04:09.048Z",
    "groups": [],
    "user_permissions": []
  }
},
{
  "model": "auth.user",
  "pk": 9,
  "fields": {
    "password": "pbkdf2_sha256$1200000$Sgu1gGswU5WF4m9v2iSmIx$2f6qkY9Ozd5/w3Ucl2D/EyPxaeeAuAsFf6v2oSuH9F0=",
    "last_login": null,
    "is_superuser": false,
    "username": "alpha8",
    "first_name": "",
    "last_name": "",
    "email": "alpha8@example.com",
    "is_staff": false,
    "is_active": true,
    "date_joined": "2026-02-20T23:04:09.499Z",
    "groups": [],
    "user_permissions": []
  }
},
{
  "model": "auth.user",
  "pk": 10,
  "fields": {
    "password": "pbkdf2_sha256$1200000$S7wx1yhyenGPaQz8rVokFT$bR0LWjvVBazbmTEmWb1k76F1FqlE4Fk4JWIV7NuajU4=",
    "last_login": null,
    "is_superuser": false,
    "username": "alpha9",
    "first_name": "",
    "last_name": "",
    "email": "alpha9@example.com",
    "is_staff": false,
    "is_active": true,
    "date_joined": "2026-02-20T23:04:09.973Z",
    "groups": [],
    "user_permissions": []
  }
},
{
  "model": "auth.user",
  "pk": 11,
  "fields": {
    "password": "pbkdf2_sha256$1200000$fRyYUibo2b5WXs1BmUHnox$FDs9WBXWW+LzCVgcJrdLknqXOQ8v30+zNy061Y3G9oY=",
    "last_login": null,
    "is_superuser": false,
    "username": "alpha10",
    "first_name": "",
    "last_name": "",
    "email": "alpha10@example.com",
    "is_staff": false,
    "is_active": true,
    "date_joined": "2026-02-20T23:04:10.463Z",
    "groups": [],
    "user_permissions": []
  }
},
{
  "model": "contenttypes.contenttype",
  "pk": 1,
  "fields": {
    "app_label": "like_and_rating",
    "model": "productlike"
  }
},
{
  "model": "contenttypes.contenttype",
  "pk": 2,
  "fields": {
    "app_label": "like_and_rating",
    "model": "productreview"
  }
},
{
  "model": "contenttypes.contenttype",
  "pk": 3,
  "fields": {
    "app_label": "account",
    "model": "userprofile"
  }
},
{
  "model": "contenttypes.contenttype",
  "pk": 4,
  "fields": {
    "app_label": "admin",
    "model": "logentry"
  }
},
{
  "model": "contenttypes.contenttype",
  "pk": 5,
  "fields": {
    "app_label": "auth",
    "model": "group"
  }
},
{
  "model": "contenttypes.contenttype",
  "pk": 6,
  "fields": {
    "app_label": "auth",
    "model": "permission"
  }
},
{
  "model": "contenttypes.contenttype",
  "pk": 7,
  "fields": {
    "app_label": "auth",
    "model": "user"
  }
},
{
  "model": "contenttypes.contenttype",
  "pk": 8,
  "fields": {
    "app_label": "contenttypes",
    "model": "contenttype"
  }
},
{
  "model": "contenttypes.contenttype",
  "pk": 9,
  "fields": {
    "app_label": "sessions",
    "model": "session"
  }
},
{
  "model": "contenttypes.contenttype",
  "pk": 10,
  "fields": {
    "app_label": "shop",
    "model": "category"
  }
},
{
  "model": "contenttypes.contenttype",
  "pk": 11,
  "fields": {
    "app_label": "shop",
    "model": "product"
  }
},
{
  "model": "contenttypes.contenttype",
  "pk": 12,
  "fields": {
    "app_label": "orders",
    "model": "order"
  }
},
{
  "model": "contenttypes.contenttype",
  "pk": 13,
  "fields": {
    "app_label": "orders",
    "model": "orderitem"
  }
},
{
  "model": "contenttypes.contenttype",
  "pk": 14,
  "fields": {
    "app_label": "coupons",
    "model": "coupon"
  }
},
{
  "model": "sessions.session",
  "pk": "1tuhibfbq8iso1rnalrmbdynx7ltz7oe",
  "fields": {
    "session_data": ".eJxVjDkOgzAUBe_y68iyHbxAmT5nQH8xMUkEkjEV4u4JEg3tm5m3AWOp0G37DXpca-7XJZV-FOjAwGUj5E-aDiBvnF6z4nmqZSR1KOqki3rOkr6P070cZFzyvx48k3VuiImSD4E9a0-2aTWGELkNzlukRkyKSFoHMYLRonMxajF3Y2D_ATRIOuo:1vvDse:i6qi1_QZCtCnI9uEDZId9VVMmWcgrbHCXAB0osnAQGM",
    "expire_date": "2026-03-11T12:20:40.748Z"
  }
},
{
  "model": "sessions.session",
  "pk": "2v0vj90bilh7at7s6tfe0d0ndu95s8ye",
  "fields": {
    "session_data": ".eJx1z72OgzAMB_B38VxFTiCJYex-z4CcjxbaCnoQhlPVdz-QoBVDFg_-_2zLL_A8JqhfINfyO3OfuvQHtTrBc-x8hBpKjQIR3idQRyO_pqDdFFljPnvKrKFqNzp_S-3GZI363LJ5g7uhvNn-WlDDc2qbeYpj04UlknDoOfb32K9BuHF_HYQf-jR2TqxEbOkkfoYQH-fNHha0PLXL9MV4p7S-UHTRWOuNR-NUWSFbS76y2ih2ZZCR2CHaIAOTYq2JMMhCSnj_A0DGjCM:1vvcC9:QZIIODVfLGFeo2CQy54bgET2_iwjwuU03mpB9agBCN0",
    "expire_date": "2026-03-12T14:18:25.727Z"
  }
},
{
  "model": "sessions.session",
  "pk": "8ge3g9t9juy7sejsbytzai59ugr1r11z",
  "fields": {
    "session_data": ".eJxVjDkOgzAUBe_y68iyHbxAmT5nQH8xMUkEkjEV4u4JEg3tm5m3AWOp0G37DXpca-7XJZV-FOjAwGUj5E-aDiBvnF6z4nmqZSR1KOqki3rOkr6P070cZFzyvx48k3VuiImSD4E9a0-2aTWGELkNzlukRkyKSFoHMYLRonMxajF3Y2D_ATRIOuo:1vtZit:Gc9oz1g1weAX7NexhZIYf00UyC_V7_vGR9EJM5vWrfM",
    "expire_date": "2026-03-06T23:15:47.913Z"
  }
},
{
  "model": "sessions.session",
  "pk": "c1zem4p78f3pn46k22th5n8ths27qvqi",
  "fields": {
    "session_data": "eyJjYXJ0Ijp7fX0:1vvu20:tkG3Z175mwD8596vD9PICaheOI2ThrLRPJX_6oZP9nc",
    "expire_date": "2026-03-13T09:21:08.851Z"
  }
},
{
  "model": "sessions.session",
  "pk": "fsiayz5et6xjunzj9xyej3oe2xulaztp",
  "fields": {
    "session_data": ".eJxVjDEOgzAMRe-SuYpMCK3N2L1nQCZ2GtoKpAQmxN0LEkO7_vf-W03Hy5y6pWjuBjGtqczld-s5vHU8gLx4fE42TOOch94eij1psY9J9HM_3b9A4pL2d4PSsAuRIQDVnhWcR6-OmcBRAwgBPUIlrCSo4q7qK6kxEsEtUtyjgfNs2nXbvhWOOvY:1vx0kH:uJRiXIbDNqeF8uh0l36wNlCqMNos8o68cAhx6-vrj48",
    "expire_date": "2026-03-16T10:43:25.589Z"
  }
},
{
  "model": "sessions.session",
  "pk": "o8nz96otoybhxdulhj80c7tmwssw5zia",
  "fields": {
    "session_data": ".eJxVjssOgyAURP-FtSHKwwsuu_cbyIWLxbaRBHFl_Pdq4qLdzjkzmZ053Gpy2xqLm4kNTLHmN_MY3nG5AL1weWYe8lLL7Pml8JuufMwUP4_b_RtIuKazDWbyVlMfAbQWIIUE37bKg8HYd1a0KFBrDyKEDshamlBJYUmeKmg052gudJ-EhgUslQ37cXwBB7c-ag:1vvt1a:28hbnTkcSxLys_4r_Pkoh15TouoMn9TunYzZu2Ssuf0",
    "expire_date": "2026-03-13T08:16:38.502Z"
  }
},
{
  "model": "sessions.session",
  "pk": "tfs2bv130rakl8eunmv3exhotdvfxu01",
  "fields": {
    "session_data": ".eJxVjssOgjAURP-la9O0lT5g6d5vIPeFoKZNKKwI_64kLHQ758xkNtXDuoz9WmXuJ1adsurymyHQS_IB-An5UTSVvMwT6kPRJ636Xljet9P9Gxihjt_2EAid90MSlBAjBTIBXdMaiDFRG31wgA1bSYDGRLYMyYH3KRm2V3u8IpgX1W37_gEn-jrq:1vtn5l:3RTtJdyIOGOmT_t-iScF5AHZlubq4-RYfe1FZ7idW30",
    "expire_date": "2026-03-07T13:32:17.967Z"
  }
},
{
  "model": "shop.category",
  "pk": 1,
  "fields": {
    "name": "Чай",
    "slug": "tea"
  }
},
{
  "model": "shop.category",
  "pk": 2,
  "fields": {
    "name": "Шоколад",
    "slug": "chocolate"
  }
},
{
  "model": "shop.product",
  "pk": 1,
  "fields": {
    "category": 1,
    "name": "Зеленый чай Сенча",
    "slug": "green-tea-sencha",
    "image": "products/2026/02/21/RICHARD.jpg",
    "description": "Японский зеленый чай с нежным вкусом и ароматом",
    "price": "450.00",
    "available": true,
    "created": "2026-02-20T23:06:29.539Z",
    "updated": "2026-02-20T23:12:56.056Z"
  }
},
{
  "model": "shop.product",
  "pk": 2,
  "fields": {
    "category": 1,
    "name": "Черный чай Эрл Грей",
    "slug": "black-tea-earl-grey",
    "image": "products/2026/02/21/d81c68c1f5e9a0e6d0d1826248a4a088_pB9jWzV.jpg",
    "description": "Классический черный чай с бергамотом",
    "price": "380.00",
    "available": true,
    "created": "2026-02-20T23:06:29.553Z",
    "updated": "2026-02-20T23:12:17.387Z"
  }
},
{
  "model": "shop.product",
  "pk": 3,
  "fields": {
    "category": 1,
    "name": "Улун молочный",
    "slug": "milk-oolong",
    "image": "products/2026/02/21/4.webp",
    "description": "Полуферментированный чай с молочным оттенком",
    "price": "650.00",
    "available": true,
    "created": "2026-02-20T23:06:29.555Z",
    "updated": "2026-02-20T23:13:40.145Z"
  }
},
{
  "model": "shop.product",
  "pk": 4,
  "fields": {
    "category": 1,
    "name": "Пуэр Шу",
    "slug": "pu-erh-shu",
    "image": "products/2026/02/21/photo-1571934811356-5cc061b6821f.avif",
    "description": "Ферментированный китайский чай с землистым вкусом",
    "price": "890.00",
    "available": true,
    "created": "2026-02-20T23:06:29.559Z",
    "updated": "2026-02-20T23:14:29.371Z"
  }
},
{
  "model": "shop.product",
  "pk": 5,
  "fields": {
    "category": 1,
    "name": "Мятный чай",
    "slug": "mint-tea",
    "image": "products/2026/02/21/5.webp",
    "description": "Травяной чай с освежающей мятой",
    "price": "320.00",
    "available": true,
    "created": "2026-02-20T23:06:29.563Z",
    "updated": "2026-02-20T23:12:36.023Z"
  }
},
{
  "model": "shop.product",
  "pk": 6,
  "fields": {
    "category": 2,
    "name": "Темный шоколад 70%",
    "slug": "dark-chocolate-70",
    "image": "products/2026/02/25/т.webp",
    "description": "Горький шоколад с высоким содержанием какао",
    "price": "250.00",
    "available": true,
    "created": "2026-02-20T23:06:29.581Z",
    "updated": "2026-02-25T11:41:26.345Z"
  }
},
{
  "model": "shop.product",
  "pk": 7,
  "fields": {
    "category": 2,
    "name": "Молочный шоколад",
    "slug": "milk-chocolate",
    "image": "products/2026/02/21/chocolate_1.jpg",
    "description": "Нежный молочный шоколад",
    "price": "200.00",
    "available": true,
    "created": "2026-02-20T23:06:29.585Z",
    "updated": "2026-02-20T23:15:12.547Z"
  }
},
{
  "model": "shop.product",
  "pk": 8,
  "fields": {
    "category": 2,
    "name": "Шоколад с орехами",
    "slug": "chocolate-with-nuts",
    "image": "products/2026/02/25/оерех.webp",
    "description": "Молочный шоколад с фундуком",
    "price": "280.00",
    "available": true,
    "created": "2026-02-20T23:06:29.586Z",
    "updated": "2026-02-25T11:39:47.721Z"
  }
},
{
  "model": "shop.product",
  "pk": 9,
  "fields": {
    "category": 2,
    "name": "Белый шоколад",
    "slug": "white-chocolate",
    "image": "products/2026/02/21/chocolate_2.jpg",
    "description": "Кремовый белый шоколад",
    "price": "230.00",
    "available": true,
    "created": "2026-02-20T23:06:29.589Z",
    "updated": "2026-02-20T23:15:02.679Z"
  }
},
{
  "model": "shop.product",
  "pk": 10,
  "fields": {
    "category": 2,
    "name": "Шоколад с мятой",
    "slug": "chocolate-with-mint",
    "image": "products/2026/02/25/мята.webp",
    "description": "Темный шоколад с мятной начинкой",
    "price": "270.00",
    "available": true,
    "created": "2026-02-20T23:06:29.590Z",
    "updated": "2026-02-25T11:39:14.953Z"
  }
},
{
  "model": "orders.order",
  "pk": 1,
  "fields": {
    "user": 1,
    "coupon": null,
    "discount": 0,
    "first_name": "Patrick",
    "last_name": "Jane",
    "email": "sultonovmuhibulloh612@gmail.com",
    "address": "yourstreet 87",
    "postal_code": "90210-1234",
    "city": "Moscow",
    "created": "2026-02-26T14:17:09.018Z",
    "updated": "2026-02-26T14:17:09.018Z",
    "paid": false
  }
},
{
  "model": "orders.order",
  "pk": 2,
  "fields": {
    "user": 1,
    "coupon": null,
    "discount": 0,
    "first_name": "Patrick",
    "last_name": "Jane",
    "email": "sultonovmuhibulloh612@gmail.com",
    "address": "yourstreet 87",
    "postal_code": "90210-1234",
    "city": "Moscow",
    "created": "2026-02-26T14:17:42.063Z",
    "updated": "2026-02-27T08:18:01.826Z",
    "paid": true
  }
},
{
  "model": "orders.order",
  "pk": 3,
  "fields": {
    "user": 1,
    "coupon": null,
    "discount": 0,
    "first_name": "Patrick",
    "last_name": "Jane",
    "email": "sultonovmuhibulloh612@gmail.com",
    "address": "yourstreet 87",
    "postal_code": "90210-1234",
    "city": "Moscow",
    "created": "2026-02-26T14:18:04.696Z",
    "updated": "2026-02-26T14:18:04.696Z",
    "paid": false
  }
},
{
  "model": "orders.order",
  "pk": 4,
  "fields": {
    "user": 1,
    "coupon": null,
    "discount": 0,
    "first_name": "Patrick",
    "last_name": "Jane",
    "email": "sultonovmuhibulloh612@gmail.com",
    "address": "yourstreet 87",
    "postal_code": "90210-1234",
    "city": "Moscow",
    "created": "2026-02-26T14:18:10.360Z",
    "updated": "2026-02-27T08:17:47.323Z",
    "paid": true
  }
},
{
  "model": "orders.order",
  "pk": 5,
  "fields": {
    "user": 1,
    "coupon": null,
    "discount": 0,
    "first_name": "Patrick",
    "last_name": "Jane",
    "email": "sultonovmuhibulloh612@gmail.com",
    "address": "yourstreet 87",
    "postal_code": "90210-1234",
    "city": "Moscow",
    "created": "2026-02-26T14:18:33.001Z",
    "updated": "2026-02-27T08:17:35.812Z",
    "paid": true
  }
},
{
  "model": "orders.order",
  "pk": 6,
  "fields": {
    "user": 1,
    "coupon": null,
    "discount": 0,
    "first_name": "Patrick",
    "last_name": "Jane",
    "email": "sultonovmuhibulloh612@gmail.com",
    "address": "yourstreet 87",
    "postal_code": "90210-1234",
    "city": "Moscow",
    "created": "2026-02-27T07:52:49.911Z",
    "updated": "2026-02-27T07:52:49.911Z",
    "paid": false
  }
},
{
  "model": "orders.order",
  "pk": 7,
  "fields": {
    "user": 4,
    "coupon": null,
    "discount": 0,
    "first_name": "Patrick",
    "last_name": "Jane",
    "email": "sultonovmuhibulloh612@gmail.com",
    "address": "yourstreet 87",
    "postal_code": "90210-1234",
    "city": "Moscow",
    "created": "2026-02-27T08:12:42.461Z",
    "updated": "2026-02-27T08:17:27.990Z",
    "paid": true
  }
},
{
  "model": "orders.order",
  "pk": 8,
  "fields": {
    "user": 2,
    "coupon": null,
    "discount": 0,
    "first_name": "Patrick",
    "last_name": "Jane",
    "email": "sultonovmuhibulloh612@gmail.com",
    "address": "yourstreet 87",
    "postal_code": "90210-1234",
    "city": "Moscow",
    "created": "2026-02-28T12:37:56.105Z",
    "updated": "2026-02-28T12:37:56.105Z",
    "paid": false
  }
},
{
  "model": "orders.order",
  "pk": 9,
  "fields": {
    "user": 2,
    "coupon": null,
    "discount": 0,
    "first_name": "Patrick",
    "last_name": "Jane",
    "email": "sultonovmuhibulloh612@gmail.com",
    "address": "yourstreet 87",
    "postal_code": "90210-1234",
    "city": "Moscow",
    "created": "2026-02-28T12:52:51.490Z",
    "updated": "2026-02-28T12:52:51.490Z",
    "paid": false
  }
},
{
  "model": "orders.order",
  "pk": 10,
  "fields": {
    "user": 3,
    "coupon": null,
    "discount": 0,
    "first_name": "Patrick",
    "last_name": "Jane",
    "email": "alpha2@example.com",
    "address": "yourstreet 87",
    "postal_code": "90210-1234",
    "city": "Moscow",
    "created": "2026-02-28T12:54:22.586Z",
    "updated": "2026-02-28T12:54:22.586Z",
    "paid": false
  }
},
{
  "model": "orders.order",
  "pk": 11,
  "fields": {
    "user": 4,
    "coupon": null,
    "discount": 0,
    "first_name": "Patrick",
    "last_name": "Jane",
    "email": "alpha3@example.com",
    "address": "yourstreet 87",
    "postal_code": "90210-1234",
    "city": "Moscow",
    "created": "2026-02-28T12:56:06.881Z",
    "updated": "2026-02-28T12:56:06.881Z",
    "paid": false
  }
},
{
  "model": "orders.order",
  "pk": 12,
  "fields": {
    "user": 5,
    "coupon": null,
    "discount": 0,
    "first_name": "Patrick",
    "last_name": "Jane",
    "email": "alpha4@example.com",
    "address": "yourstreet 87",
    "postal_code": "90210-1234",
    "city": "Moscow",
    "created": "2026-02-28T12:57:06.824Z",
    "updated": "2026-02-28T12:57:06.824Z",
    "paid": false
  }
},
{
  "model": "orders.order",
  "pk": 13,
  "fields": {
    "user": 6,
    "coupon": null,
    "discount": 0,
    "first_name": "Patrick",
    "last_name": "Jane",
    "email": "alpha5@example.com",
    "address": "yourstreet 87",
    "postal_code": "90210-1234",
    "city": "Moscow",
    "created": "2026-02-28T13:10:01.150Z",
    "updated": "2026-02-28T13:10:01.150Z",
    "paid": false
  }
},
{
  "model": "orders.order",
  "pk": 14,
  "fields": {
    "user": 7,
    "coupon": null,
    "discount": 0,
    "first_name": "Patrick",
    "last_name": "Jane",
    "email": "alpha6@example.com",
    "address": "yourstreet 87",
    "postal_code": "90210-1234",
    "city": "Moscow",
    "created": "2026-02-28T13:12:05.956Z",
    "updated": "2026-02-28T13:12:05.956Z",
    "paid": false
  }
},
{
  "model": "orders.orderitem",
  "pk": 1,
  "fields": {
    "order": 1,
    "product": 1,
    "price": "450.00",
    "quantity": 1
  }
},
{
  "model": "orders.orderitem",
  "pk": 2,
  "fields": {
    "order": 1,
    "product": 2,
    "price": "380.00",
    "quantity": 1
  }
},
{
  "model": "orders.orderitem",
  "pk": 3,
  "fields": {
    "order": 1,
    "product": 3,
    "price": "650.00",
    "quantity": 1
  }
},
{
  "model": "orders.orderitem",
  "pk": 4,
  "fields": {
    "order": 1,
    "product": 4,
    "price": "890.00",
    "quantity": 1
  }
},
{
  "model": "orders.orderitem",
  "pk": 5,
  "fields": {
    "order": 1,
    "product": 5,
    "price": "320.00",
    "quantity": 1
  }
},
{
  "model": "orders.orderitem",
  "pk": 6,
  "fields": {
    "order": 1,
    "product": 6,
    "price": "250.00",
    "quantity": 1
  }
},
{
  "model": "orders.orderitem",
  "pk": 7,
  "fields": {
    "order": 1,
    "product": 7,
    "price": "200.00",
    "quantity": 1
  }
},
{
  "model": "orders.orderitem",
  "pk": 8,
  "fields": {
    "order": 1,
    "product": 8,
    "price": "280.00",
    "quantity": 1
  }
},
{
  "model": "orders.orderitem",
  "pk": 9,
  "fields": {
    "order": 2,
    "product": 1,
    "price": "450.00",
    "quantity": 1
  }
},
{
  "model": "orders.orderitem",
  "pk": 10,
  "fields": {
    "order": 2,
    "product": 2,
    "price": "380.00",
    "quantity": 1
  }
},
{
  "model": "orders.orderitem",
  "pk": 11,
  "fields": {
    "order": 2,
    "product": 3,
    "price": "650.00",
    "quantity": 1
  }
},
{
  "model": "orders.orderitem",
  "pk": 12,
  "fields": {
    "order": 2,
    "product": 4,
    "price": "890.00",
    "quantity": 1
  }
},
{
  "model": "orders.orderitem",
  "pk": 13,
  "fields": {
    "order": 2,
    "product": 5,
    "price": "320.00",
    "quantity": 1
  }
},
{
  "model": "orders.orderitem",
  "pk": 14,
  "fields": {
    "order": 2,
    "product": 6,
    "price": "250.00",
    "quantity": 1
  }
},
{
  "model": "orders.orderitem",
  "pk": 15,
  "fields": {
    "order": 2,
    "product": 7,
    "price": "200.00",
    "quantity": 1
  }
},
{
  "model": "orders.orderitem",
  "pk": 16,
  "fields": {
    "order": 2,
    "product": 8,
    "price": "280.00",
    "quantity": 1
  }
},
{
  "model": "orders.orderitem",
  "pk": 17,
  "fields": {
    "order": 3,
    "product": 1,
    "price": "450.00",
    "quantity": 1
  }
},
{
  "model": "orders.orderitem",
  "pk": 18,
  "fields": {
    "order": 3,
    "product": 2,
    "price": "380.00",
    "quantity": 1
  }
},
{
  "model": "orders.orderitem",
  "pk": 19,
  "fields": {
    "order": 3,
    "product": 3,
    "price": "650.00",
    "quantity": 1
  }
},
{
  "model": "orders.orderitem",
  "pk": 20,
  "fields": {
    "order": 3,
    "product": 4,
    "price": "890.00",
    "quantity": 1
  }
},
{
  "model": "orders.orderitem",
  "pk": 21,
  "fields": {
    "order": 3,
    "product": 5,
    "price": "320.00",
    "quantity": 1
  }
},
{
  "model": "orders.orderitem",
  "pk": 22,
  "fields": {
    "order": 3,
    "product": 6,
    "price": "250.00",
    "quantity": 1
  }
},
{
  "model": "orders.orderitem",
  "pk": 23,
  "fields": {
    "order": 3,
    "product": 7,
    "price": "200.00",
    "quantity": 1
  }
},
{
  "model": "orders.orderitem",
  "pk": 24,
  "fields": {
    "order": 3,
    "product": 8,
    "price": "280.00",
    "quantity": 1
  }
},
{
  "model": "orders.orderitem",
  "pk": 25,
  "fields": {
    "order": 4,
    "product": 1,
    "price": "450.00",
    "quantity": 1
  }
},
{
  "model": "orders.orderitem",
  "pk": 26,
  "fields": {
    "order": 4,
    "product": 2,
    "price": "380.00",
    "quantity": 1
  }
},
{
  "model": "orders.orderitem",
  "pk": 27,
  "fields": {
    "order": 4,
    "product": 3,
    "price": "650.00",
    "quantity": 1
  }
},
{
  "model": "orders.orderitem",
  "pk": 28,
  "fields": {
    "order": 4,
    "product": 4,
    "price": "890.00",
    "quantity": 1
  }
},
{
  "model": "orders.orderitem",
  "pk": 29,
  "fields": {
    "order": 4,
    "product": 5,
    "price": "320.00",
    "quantity": 1
  }
},
{
  "model": "orders.orderitem",
  "pk": 30,
  "fields": {
    "order": 4,
    "product": 6,
    "price": "250.00",
    "quantity": 1
  }
},
{
  "model": "orders.orderitem",
  "pk": 31,
  "fields": {
    "order": 4,
    "product": 7,
    "price": "200.00",
    "quantity": 1
  }
},
{
  "model": "orders.orderitem",
  "pk": 32,
  "fields": {
    "order": 4,
    "product": 8,
    "price": "280.00",
    "quantity": 1
  }
},
{
  "model": "orders.orderitem",
  "pk": 33,
  "fields": {
    "order": 5,
    "product": 1,
    "price": "450.00",
    "quantity": 2
  }
},
{
  "model": "orders.orderitem",
  "pk": 34,
  "fields": {
    "order": 5,
    "product": 2,
    "price": "380.00",
    "quantity": 1
  }
},
{
  "model": "orders.orderitem",
  "pk": 35,
  "fields": {
    "order": 5,
    "product": 3,
    "price": "650.00",
    "quantity": 1
  }
},
{
  "model": "orders.orderitem",
  "pk": 36,
  "fields": {
    "order": 5,
    "product": 4,
    "price": "890.00",
    "quantity": 1
  }
},
{
  "model": "orders.orderitem",
  "pk": 37,
  "fields": {
    "order": 5,
    "product": 5,
    "price": "320.00",
    "quantity": 1
  }
},
{
  "model": "orders.orderitem",
  "pk": 38,
  "fields": {
    "order": 5,
    "product": 6,
    "price": "250.00",
    "quantity": 1
  }
},
{
  "model": "orders.orderitem",
  "pk": 39,
  "fields": {
    "order": 5,
    "product": 7,
    "price": "200.00",
    "quantity": 1
  }
},
{
  "model": "orders.orderitem",
  "pk": 40,
  "fields": {
    "order": 5,
    "product": 8,
    "price": "280.00",
    "quantity": 1
  }
},
{
  "model": "orders.orderitem",
  "pk": 41,
  "fields": {
    "order": 6,
    "product": 1,
    "price": "450.00",
    "quantity": 1
  }
},
{
  "model": "orders.orderitem",
  "pk": 42,
  "fields": {
    "order": 6,
    "product": 2,
    "price": "380.00",
    "quantity": 1
  }
},
{
  "model": "orders.orderitem",
  "pk": 43,
  "fields": {
    "order": 6,
    "product": 3,
    "price": "650.00",
    "quantity": 1
  }
},
{
  "model": "orders.orderitem",
  "pk": 44,
  "fields": {
    "order": 6,
    "product": 4,
    "price": "890.00",
    "quantity": 1
  }
},
{
  "model": "orders.orderitem",
  "pk": 45,
  "fields": {
    "order": 6,
    "product": 5,
    "price": "320.00",
    "quantity": 1
  }
},
{
  "model": "orders.orderitem",
  "pk": 46,
  "fields": {
    "order": 6,
    "product": 6,
    "price": "250.00",
    "quantity": 1
  }
},
{
  "model": "orders.orderitem",
  "pk": 47,
  "fields": {
    "order": 6,
    "product": 7,
    "price": "200.00",
    "quantity": 1
  }
},
{
  "model": "orders.orderitem",
  "pk": 48,
  "fields": {
    "order": 6,
    "product": 8,
    "price": "280.00",
    "quantity": 1
  }
},
{
  "model": "orders.orderitem",
  "pk": 49,
  "fields": {
    "order": 6,
    "product": 9,
    "price": "230.00",
    "quantity": 1
  }
},
{
  "model": "orders.orderitem",
  "pk": 50,
  "fields": {
    "order": 6,
    "product": 10,
    "price": "270.00",
    "quantity": 1
  }
},
{
  "model": "orders.orderitem",
  "pk": 51,
  "fields": {
    "order": 7,
    "product": 1,
    "price": "450.00",
    "quantity": 1
  }
},
{
  "model": "orders.orderitem",
  "pk": 52,
  "fields": {
    "order": 7,
    "product": 2,
    "price": "380.00",
    "quantity": 1
  }
},
{
  "model": "orders.orderitem",
  "pk": 53,
  "fields": {
    "order": 7,
    "product": 3,
    "price": "650.00",
    "quantity": 1
  }
},
{
  "model": "orders.orderitem",
  "pk": 54,
  "fields": {
    "order": 7,
    "product": 4,
    "price": "890.00",
    "quantity": 1
  }
},
{
  "model": "orders.orderitem",
  "pk": 55,
  "fields": {
    "order": 7,
    "product": 5,
    "price": "320.00",
    "quantity": 1
  }
},
{
  "model": "orders.orderitem",
  "pk": 56,
  "fields": {
    "order": 7,
    "product": 6,
    "price": "250.00",
    "quantity": 1
  }
},
{
  "model": "orders.orderitem",
  "pk": 57,
  "fields": {
    "order": 8,
    "product": 1,
    "price": "450.00",
    "quantity": 1
  }
},
{
  "model": "orders.orderitem",
  "pk": 58,
  "fields": {
    "order": 9,
    "product": 2,
    "price": "380.00",
    "quantity": 1
  }
},
{
  "model": "orders.orderitem",
  "pk": 59,
  "fields": {
    "order": 10,
    "product": 1,
    "price": "450.00",
    "quantity": 1
  }
},
{
  "model": "orders.orderitem",
  "pk": 60,
  "fields": {
    "order": 11,
    "product": 1,
    "price": "450.00",
    "quantity": 1
  }
},
{
  "model": "orders.orderitem",
  "pk": 61,
  "fields": {
    "order": 12,
    "product": 1,
    "price": "450.00",
    "quantity": 1
  }
},
{
  "model": "orders.orderitem",
  "pk": 62,
  "fields": {
    "order": 13,
    "product": 1,
    "price": "450.00",
    "quantity": 1
  }
},
{
  "model": "orders.orderitem",
  "pk": 63,
  "fields": {
    "order": 14,
    "product": 1,
    "price": "450.00",
    "quantity": 1
  }
}
]
